$m_S$ [GeV],$m_{\phi}$ [GeV],$T_D$ [GeV],$m_{A'}$ [GeV],Total,Triggers,Quality filters,Orthogonality,One tight lepton,One AK4 jet,MET > 20,One cluster,$p^{miss}_T$ > 30 GeV & Reweighting,$p^{W}_T$ > 60 GeV,30 GeV < $m^{W}_T$ < 130 GeV,b-jet selection,"$\Delta\phi(W, SUEP)$ > 1.5","$\Delta\phi(MET, SUEP)$ > 1.5","$\Delta\phi(lepton, SUEP)$ > 1.5",>=1 AK4 jet in SUEP cluster,$p^{W}_{T}/p^{SUEP}_T$ < 3,"min($\Delta\phi(MET, Jet)$) > 1.5"
125.0,0.5,2.0,1.0,1.0,0.35752531645569624,0.9998406769459541,0.9323123229461756,0.8610441156921207,0.701433612704014,0.9354777851146119,0.6685825686531545,1.063622066954677,0.9824154129622176,0.7121381553950176,0.8687185470162083,0.9933996529922912,0.9880939366153402,0.9908364649153864,0.9983696621339417,0.9934347467841607,0.8466348198598754
125.0,1.0,2.0,1.0,1.0,0.35545637583892614,0.9998867133659348,0.9301319938818287,0.8596747670381875,0.7702208052898807,0.935643108998927,0.7812622886354699,0.9565342506875232,0.9777980294165669,0.7249392918811236,0.9483648752732862,0.9947203662844712,0.9894184568670398,0.9877040862465358,0.9974054704061185,0.9970161070727744,0.8444287057209069
125.0,2.0,2.0,1.0,1.0,0.35122302158273383,0.9997541990987299,0.9317325028683823,0.8614214090949073,0.8619747791902792,0.9327746024224834,0.8114106105343366,0.9090101518133293,0.9732549557898589,0.7276381180411037,0.9709952188330346,0.9947990622890553,0.9875908667981214,0.9859211241092896,0.99684775373076,0.9969155838709044,0.8353605375348282
125.0,4.0,2.0,1.0,1.0,0.35114173228346457,0.9997981836528759,0.928834163190239,0.8655977591577524,0.9305102240075879,0.929368029739777,0.8068064516129031,0.8948848341256126,0.9602890865908696,0.7257392020267277,0.9720289599056545,0.9935715564476656,0.9860602067233704,0.9811658704887424,0.997535437815175,0.9971368689546307,0.8069490899801831
125.0,8.0,2.0,1.0,1.0,0.3550243902439025,0.999748099294678,0.9265868016583823,0.8727380599228716,0.9597496034443691,0.9248590738718528,0.8069374860388678,0.8722467439295095,0.9421301707191727,0.7245401978233393,0.97689442275069,0.9933521231288852,0.9807732785462767,0.9760801522326115,0.999108336644735,0.9965454271070335,0.7269971022332274
125.0,0.75,3.0,1.0,1.0,0.3540592105263158,0.9997770221305537,0.9317349688690642,0.8625428867789037,0.7193866931847089,0.942971035458257,0.8149183513449016,0.9500400761689201,0.9798965183130997,0.722670564539145,0.9566313550062826,0.9954703952247856,0.9884778534644992,0.9904208651218135,0.995251797020042,0.9967815121302356,0.8462603294541078
125.0,1.5,3.0,1.0,1.0,0.34860416666666666,0.9998207135600312,0.9309224945208207,0.8569869229287503,0.8076971104617768,0.9432917967904516,0.8383977447798867,0.9312193744967417,0.9775983232145686,0.72213613512657,0.9617798642148637,0.995475381730334,0.9890010437930767,0.9875261904329999,0.9954143459645715,0.9973296116284928,0.8422505462750844
125.0,12.0,3.0,1.0,1.0,0.357476821192053,0.9996294855406731,0.9296873552141441,0.8757500249177713,0.9650824000728399,0.9187697532902496,0.8267186938440211,0.8974804681228462,0.9182137890330572,0.7322481788223854,0.965719337632957,0.9890386538184636,0.9714527691237312,0.966039655312492,0.9979703148242812,0.9965039350917401,0.6773863805486341
125.0,3.0,3.0,1.0,1.0,0.35048427672955984,0.9998384983939561,0.9299508237912345,0.8611019974910739,0.8975749697431532,0.9333300039952057,0.817058162555514,0.925049143749989,0.9677154237117188,0.726351157630816,0.9619262754302459,0.9939667139573697,0.9888223481508269,0.984224534700265,0.9967730003011787,0.9970362075687722,0.8257897634632934
125.0,6.0,3.0,1.0,1.0,0.3527922077922078,0.9996686913307565,0.9253019590514068,0.8707591284449308,0.9512797074954297,0.9268280964735274,0.8085894976932249,0.9169139407376758,0.949361047796439,0.7254969648794195,0.9587939933247375,0.9921916268206978,0.9842659472304366,0.978055687174312,0.9981307318593468,0.9976844704085702,0.7702227633101425
125.0,1.0,4.0,1.0,1.0,0.352108843537415,0.9998454404945903,0.9303215334673057,0.858264445644498,0.7529403223464498,0.9480602963391508,0.8524595721598807,0.933570797648381,0.9786452077379635,0.7165972898214883,0.9653791619256445,0.9957051749631214,0.9893388437683075,0.9884998359516157,0.9928223751182405,0.9975083051588453,0.8470548773208283
125.0,16.0,4.0,1.0,1.0,0.3540567375886524,0.9995593125275433,0.9327855711422846,0.8797318781420529,0.9685943147406467,0.9139982855125812,0.8428733000468953,0.9315322212445432,0.9067045557007805,0.7313647729186914,0.9499354195958161,0.9882078160201087,0.96192206261495,0.9627966611129084,0.9971607087781355,0.9968302691249262,0.666102728923303
125.0,2.0,4.0,1.0,1.0,0.35109774436090224,0.9998286791159842,0.9296607265250171,0.8624320339139251,0.8328213074025592,0.9421331194867684,0.8436212590650641,0.9333370267336378,0.9755695263961756,0.7199019427788186,0.9608652899131548,0.9957306013733181,0.9893372238795693,0.9851861111792023,0.9950431669579675,0.9974033439098619,0.8372585358178403
125.0,4.0,4.0,1.0,1.0,0.35165068493150686,0.9998636567265928,0.9283515798496124,0.8644451905321471,0.9198223128459073,0.9333122212545852,0.8171973081490698,0.9418800364088248,0.9615701788377397,0.7192660785818225,0.949020786423777,0.9935772509179664,0.9858934375852307,0.979803605715011,0.9976425632455381,0.9967540640096056,0.8240119081514511
125.0,8.0,4.0,1.0,1.0,0.35175396825396826,0.9997066853184721,0.9290872980048749,0.8708157217120925,0.9578219147511714,0.9227924044734391,0.8140445005523118,0.943540397785153,0.9415642375220805,0.7252593812853962,0.9375403390891353,0.9925021256182487,0.9779215972055102,0.9741885147782218,0.9983256738605926,0.9973215256627335,0.7411176874220615
125.0,16.0,8.0,1.0,1.0,0.35538,0.9993621850788829,0.9280498564000526,0.8736245954692557,0.962377292091128,0.9192147617100103,0.845298228166139,0.9204257757321823,0.9126629841940307,0.7321778124083437,0.9615431870172284,0.9887985137977846,0.9641905057768901,0.9622665237154596,0.9964074744969986,0.9961031168785305,0.7138020136808627
125.0,2.0,8.0,1.0,1.0,0.35125,0.9998743981578396,0.9300309856795913,0.8603619828013147,0.8342447473769591,0.9463053569188307,0.8537385655574706,0.9451516460328483,0.9733261213732728,0.7169859308153501,0.952656536701216,0.9950241143014432,0.9901020122961923,0.9846634922747141,0.9929470746779109,0.9968397753802583,0.8391757163670917
125.0,32.0,8.0,1.0,1.0,0.3581206896551724,0.9992778392951711,0.931417421468491,0.8789344368291737,0.9677789548022598,0.9140746146127885,0.8679439842996375,0.9141982171603208,0.8824509909766808,0.7389904911835585,0.9664368595206363,0.9828073548721664,0.9542935631265529,0.9526809032614942,0.996942198323094,0.9958944652849232,0.6996944734146197
125.0,4.0,8.0,1.0,1.0,0.3496013986013986,0.9997999719960795,0.9279555048716562,0.8628562804536243,0.8920816571300066,0.9387989468377123,0.8322045529134469,0.9494147795980424,0.9656278239098609,0.7214613874928664,0.9484630905202197,0.9954839050511384,0.9866254733298556,0.9799302159189306,0.9955074582302724,0.9965040425492622,0.8235935911113622
125.0,8.0,8.0,1.0,1.0,0.3519043478260869,0.9995305048308583,0.9277873918417799,0.8669029284020358,0.9449498985676523,0.9315616563120059,0.8213275603198437,0.9364310156541436,0.9458423923309911,0.7227204147837537,0.9488709335207717,0.992534217220892,0.9773398567754289,0.9735333980447057,0.9965012809981244,0.9966172457698279,0.7782065525842572
